{
  "assetsByChunkName": {
    "vendors~app-account~app-confirmation~app-order": "chunk.f0897411e4f6540bc2d1.js",
    "vendors~app-account~app-checkout": "chunk.e7dcbd84b8da5ffb6e22.js",
    "vendors~app-cart~app-checkout": "chunk.e63c4928acc391fae4f6.js",
    "admin": [
      "admin.fc88bd7f02c03f95f9b3.js",
      "admin.fc88bd7f02c03f95f9b3.js.map"
    ],
    "app-account": "chunk.9fc2c327d0989699ff1f.js",
    "app-checkout": "chunk.2f350ff44f747cebae88.js",
    "app-confirmation": "chunk.0fd2eaa61b81c8b34a95.js",
    "checkout": [
      "checkout.876b844df3ce1495dd96.js",
      "checkout.876b844df3ce1495dd96.js.map"
    ],
    "storefront": [
      "storefront.f9157585252540d12d2d.css",
      "storefront.05e214be45ed69f10008.js",
      "storefront.f9157585252540d12d2d.css.map",
      "storefront.05e214be45ed69f10008.js.map"
    ],
    "vendors~app-cart": "chunk.c3933cfbb49201566f0d.js",
    "vendors~app-order": "chunk.fbcf069c9be5017ebb96.js"
  }
}